<?xml version="1.0" encoding="UTF-8"?>
<beans xmlns="http://www.springframework.org/schema/beans"
       xmlns:xsi="http://www.w3.org/2001/XMLSchema-instance"
       xmlns:tx="http://www.springframework.org/schema/tx"
       xmlns:aop="http://www.springframework.org/schema/aop"
       xmlns:context="http://www.springframework.org/schema/context" 
       xsi:schemaLocation="http://www.springframework.org/schema/beans
       http://www.springframework.org/schema/beans/spring-beans.xsd
       http://www.springframework.org/schema/tx
       http://www.springframework.org/schema/tx/spring-tx.xsd
       http://www.springframework.org/schema/context 
       http://www.springframework.org/schema/context/spring-context.xsd 
       http://www.springframework.org/schema/aop
       http://www.springframework.org/schema/aop/spring-aop.xsd">
       
    <context:component-scan base-package="com.suzhuoke.ncpsy" />
       
    <context:property-placeholder location="classpath:database.properties" />

    <!-- 配置数据源 -->
    <bean name="dataSource" class="com.alibaba.druid.pool.DruidDataSource" init-method="init" destroy-method="close">
        <property name="url" value="${dataSource.url}"/>
        <property name="username" value="${dataSource.username}"/>
        <property name="password" value="${dataSource.password}"/>

        <!-- 初始化连接大小 -->
        <property name="initialSize" value="0"/>
        <!-- 连接池最大使用连接数量 -->
        <property name="maxActive" value="20"/>
        <!-- 连接池最大空闲 -->
        <property name="maxIdle" value="20"/>
        <!-- 连接池最小空闲 -->
        <property name="minIdle" value="0"/>
        <!-- 获取连接最大等待时间 -->
        <property name="maxWait" value="60000"/>

        <property name="validationQuery" value="${validationQuery}"/>
        <property name="testOnBorrow" value="false"/>
        <property name="testOnReturn" value="false"/>
        <property name="testWhileIdle" value="true"/>

        <!-- 配置间隔多久才进行一次检测，检测需要关闭的空闲连接，单位是毫秒 -->
        <property name="timeBetweenEvictionRunsMillis" value="60000"/>
        <!-- 配置一个连接在池中最小生存的时间，单位是毫秒 -->
        <property name="minEvictableIdleTimeMillis" value="25200000"/>

        <!-- 打开removeAbandoned功能 -->
        <property name="removeAbandoned" value="true"/>
        <!-- 1800秒，也就是30分钟 -->
        <property name="removeAbandonedTimeout" value="1800"/>
        <!-- 关闭abanded连接时输出错误日志 -->
        <property name="logAbandoned" value="true"/>

        <!-- 监控数据库 -->
        <property name="filters" value="mergeStat"/>
    </bean>

    <!-- Spring整合Mybatis，更多查看文档：http://mp.baomidou.com -->
    <bean id="sqlSessionFactory" class="com.baomidou.mybatisplus.extension.spring.MybatisSqlSessionFactoryBean">
        <property name="dataSource" ref="dataSource"/>
        <!-- 自动扫描Mapping.xml文件 -->
        <!-- <property name="mapperLocations" value="classpath:mybatis/*/*.xml"/> -->
        <!-- <property name="configLocation" value="classpath:mybatis/mybatis-config.xml"/> -->
        <property name="typeAliasesPackage" value="com.baomidou.springmvc.model.*"/>
        <property name="typeEnumsPackage" value="com.baomidou.springmvc.model.enums"/>
	    <!-- 全局配置注入 -->
	    <property name="globalConfig" ref="globalConfig" />
	</bean>
	<bean id="globalConfig" class="com.baomidou.mybatisplus.core.config.GlobalConfig">
	    <!--
			AUTO->`0`("数据库ID自增")
		 	INPUT->`1`(用户输入ID")
			ID_WORKER->`2`("全局唯一ID")
			UUID->`3`("全局唯一ID")
	    <property name="idType" value="2" />
		-->
		<!--
			MYSQL->`mysql`
			ORACLE->`oracle`
			DB2->`db2`
			H2->`h2`
			HSQL->`hsql`
			SQLITE->`sqlite`
			POSTGRE->`postgresql`
			SQLSERVER2005->`sqlserver2005`
			SQLSERVER->`sqlserver`
		-->
		<!-- Oracle需要添加该项 -->
	    <!-- <property name="dbType" value="oracle" /> -->
	    <!-- 全局表为下划线命名设置 true -->
	    <!-- <property name="dbColumnUnderline" value="true" /> -->
        <!-- <property name="metaObjectHandler">
            <bean class="com.baomidou.springmvc.common.MyMetaObjectHandler" />
        </property> -->
	</bean>

    <!-- MyBatis 动态扫描  -->
    <bean class="org.mybatis.spring.mapper.MapperScannerConfigurer">
        <property name="basePackage" value="com.suzhuoke.ncpsy.dao"/>
    </bean>

    <!-- 配置事务管理 -->
    <bean name="transactionManager" class="org.springframework.jdbc.datasource.DataSourceTransactionManager">
        <property name="dataSource" ref="dataSource"/>
    </bean>

    <!-- 事务管理 属性 -->
    <tx:advice id="transactionAdvice" transaction-manager="transactionManager">
        <tx:attributes>
            <tx:method name="add*" propagation="REQUIRED"/>
            <tx:method name="append*" propagation="REQUIRED"/>
            <tx:method name="save*" propagation="REQUIRED"/>
            <tx:method name="update*" propagation="REQUIRED"/>
            <tx:method name="modify*" propagation="REQUIRED"/>
            <tx:method name="edit*" propagation="REQUIRED"/>
            <tx:method name="insert*" propagation="REQUIRED"/>
            <tx:method name="delete*" propagation="REQUIRED"/>
            <tx:method name="remove*" propagation="REQUIRED"/>
            <tx:method name="repair" propagation="REQUIRED"/>

            <tx:method name="get*" propagation="REQUIRED" read-only="true"/>
            <tx:method name="find*" propagation="REQUIRED" read-only="true"/>
            <tx:method name="load*" propagation="REQUIRED" read-only="true"/>
            <tx:method name="search*" propagation="REQUIRED" read-only="true"/>
            <tx:method name="datagrid*" propagation="REQUIRED" read-only="true"/>

            <tx:method name="*" propagation="REQUIRED" read-only="true"/>
        </tx:attributes>
    </tx:advice>

    <!-- 配置切面 -->
    <aop:config>
        <aop:pointcut id="transactionPointcut" expression="execution(* com.suzhuoke.ncpsy.service..*.*(..))"/>
        <aop:advisor pointcut-ref="transactionPointcut" advice-ref="transactionAdvice"/>
    </aop:config>

</beans>