<?xml version="1.0" encoding="UTF-8"?>
<beans xmlns="http://www.springframework.org/schema/beans"
       xmlns:xsi="http://www.w3.org/2001/XMLSchema-instance"
       xmlns:context="http://www.springframework.org/schema/context"
       xmlns:mvc="http://www.springframework.org/schema/mvc" xmlns:p="http://www.springframework.org/schema/p"
       xsi:schemaLocation="http://www.springframework.org/schema/beans http://www.springframework.org/schema/beans/spring-beans.xsd http://www.springframework.org/schema/context http://www.springframework.org/schema/context/spring-context.xsd http://www.springframework.org/schema/mvc http://www.springframework.org/schema/mvc/spring-mvc.xsd">

    <context:component-scan base-package="com.suzhuoke.ncpsy.controller" />

    <!--设置默认配置方案-->
    <mvc:annotation-driven />
    
    <!-- 解决跨域访问问题 -->
    <mvc:cors>
    	<mvc:mapping path="/**" />
    </mvc:cors>
    
    <mvc:resources mapping="/static/**" location="/static/"/>

    <!--视图解析器-->
    <bean id="viewResolver"
          class="org.springframework.web.servlet.view.InternalResourceViewResolver"
          p:prefix="/WEB-INF/views/"
          p:suffix=".jsp" />

    <bean id="multipartResolver"
          class="org.springframework.web.multipart.commons.CommonsMultipartResolver"
          p:maxUploadSize="10485760"
          p:defaultEncoding="UTF-8" />

</beans>
